{
    "avg_prec": {
        "train": 0.9834736259585203,
        "test": 0.9345165784495231
    },
    "roc_auc": {
        "train": 0.9920186771289712,
        "test": 0.9542004201115661
    }
}